Name,Minimum,Maximum,Length,Direction,Type,charset,
12S,70,1016,947,forward,rRNA,12S rRNA = 70-1016,12S rRNA = 70-1016
16S,1085,2611,1527,forward,rRNA,16S rRNA = 1085-2611,16S rRNA = 1085-2611
ATPase_6,7911,8593,683,forward,CDS,ATPase 6 CDS = 7911-8593,ATPase 6 CDS = 7911-8593
ATPase_8,7756,7920,165,forward,CDS,ATPase 8 CDS = 7756-7920,ATPase 8 CDS = 7756-7920
CO1,5266,6867,1602,forward,CDS,CO1 CDS = 5266-6867,CO1 CDS = 5266-6867
CO2,7003,7692,690,forward,gene,CO2 gene = 7003-7692,CO2 gene = 7003-7692
CO3,8594,9377,784,forward,gene,CO3 gene = 8594-9377,CO3 gene = 8594-9377
cytb,14157,15289,1133,forward,gene,cytb gene = 14157-15289,cytb gene = 14157-15289
misc1,15357,16010,654,forward,misc_feature,misc = 15357-16010,misc = 15357-16010
misc2,16741,18511,1771,forward,misc_feature,misc = 16741-18511,misc = 16741-18511
ND1,2686,3651,966,forward,CDS,ND1 CDS = 2686-3651,ND1 CDS = 2686-3651
ND2,3863,4900,1038,forward,CDS,ND2 CDS = 3863-4900,ND2 CDS = 3863-4900
ND3,9448,9793,346,forward,CDS,ND3 CDS = 9448-9793,ND3 CDS = 9448-9793
ND4,10772,12145,1374,forward,CDS,ND4 CDS = 10772-12145,ND4 CDS = 10772-12145
ND4L,10482,10778,297,forward,CDS,ND4L CDS = 10482-10778,ND4L CDS = 10482-10778
ND5,12352,14156,1805,forward,CDS,ND5 CDS = 12352-14156,ND5 CDS = 12352-14156
ND6,16085,16615,531,reverse,CDS,ND6 CDS = 16085-16615,ND6 CDS = 16085-16615
rep_origin,5113,5142,30,forward,rep_origin,rep origin = 5113-5142,rep origin = 5113-5142
repeat_region,9858,10431,574,forward,repeat_region,repeat region = 9858-10431,repeat region = 9858-10431
tRNA_Ala,4970,5038,69,reverse,tRNA,tRNA-Ala = 4970-5038,tRNA-Ala = 4970-5038
tRNA_Arg,9794,9857,64,forward,tRNA,tRNA-Arg = 9794-9857,tRNA-Arg = 9794-9857
tRNA_Asn,5040,5112,73,reverse,tRNA,tRNA-Asn = 5040-5112,tRNA-Asn = 5040-5112
tRNA_Asp,6935,7002,68,forward,tRNA,tRNA-Asp = 6935-7002,tRNA-Asp = 6935-7002
tRNA_Cys,5140,5195,56,reverse,tRNA,tRNA-Cys = 5140-5195,tRNA-Cys = 5140-5195
tRNA_Gln,3723,3794,72,reverse,tRNA,tRNA-Gln = 3723-3794,tRNA-Gln = 3723-3794
tRNA_Glu,16011,16077,67,reverse,tRNA,tRNA-Glu = 16011-16077,tRNA-Glu = 16011-16077
tRNA_Gly,9378,9447,70,forward,tRNA,tRNA-Gly = 9378-9447,tRNA-Gly = 9378-9447
tRNA_His,12149,12218,70,forward,tRNA,tRNA-His = 12149-12218,tRNA-His = 12149-12218
tRNA_Ile,3654,3724,71,forward,tRNA,tRNA-Ile = 3654-3724,tRNA-Ile = 3654-3724
tRNA_Leu1,2612,2684,73,forward,tRNA,tRNA-Leu = 2612-2684,tRNA-Leu = 2612-2684
tRNA_Leu2,12280,12350,71,forward,tRNA,tRNA-Leu = 12280-12350,tRNA-Leu = 12280-12350
tRNA_Lys,7693,7755,63,forward,tRNA,tRNA-Lys = 7693-7755,tRNA-Lys = 7693-7755
tRNA_Met,3794,3862,69,forward,tRNA,tRNA-Met = 3794-3862,tRNA-Met = 3794-3862
tRNA_Phe,1,69,69,forward,tRNA,tRNA-Phe = 1-69,tRNA-Phe = 1-69
tRNA_Pro,16676,16740,65,reverse,tRNA,tRNA-Pro = 16676-16740,tRNA-Pro = 16676-16740
tRNA_Ser1,6861,6931,71,reverse,tRNA,tRNA-Ser = 6861-6931,tRNA-Ser = 6861-6931
tRNA_Ser2,12219,12280,62,forward,tRNA,tRNA-Ser = 12219-12280,tRNA-Ser = 12219-12280
tRNA_Thr,15290,15356,67,forward,tRNA,tRNA-Thr = 15290-15356,tRNA-Thr = 15290-15356
tRNA_Trp,4901,4969,69,forward,tRNA,tRNA-Trp = 4901-4969,tRNA-Trp = 4901-4969
tRNA_Tyr,5201,5264,64,reverse,tRNA,tRNA-Tyr = 5201-5264,tRNA-Tyr = 5201-5264
tRNA_Val,1017,1084,68,forward,tRNA,tRNA-Val = 1017-1084,tRNA-Val = 1017-1084